Title,Description,Author,Published Date,Categories,Image URL
Biasiswa Pelajaran Baitulmal 2023,No description available,No author available,No date available,No categories available,https://www.biasiswamalaysia.com/wp-content/uploads/2023/04/Skim-Biasiswa-Pelajaran-Baitulmal.jpg
Biasiswa MyBrainSc – Kementerian Pengajian Tinggi (KPT),No description available,No author available,No date available,No categories available,https://www.biasiswamalaysia.com/wp-content/uploads/2023/04/MyBrainSc-KPT-1024x1024.jpg
No title available,No description available,No author available,No date available,No categories available,No image available
Biasiswa Zamalah Pendidikan MAIK,No description available,No author available,No date available,No categories available,https://www.biasiswamalaysia.com/wp-content/uploads/2021/04/biasiswa-zamalh-maik-2021.jpg
Biasiswa Yayasan Bank Rakyat | Pembiayaan Pendidikan Boleh Ubah (PPBU),No description available,No author available,No date available,No categories available,https://www.biasiswamalaysia.com/wp-content/uploads/2021/03/yayasan-bank-rakyat-1024x576.jpg
No title available,No description available,No author available,No date available,No categories available,No image available
Biasiswa JPA – Program Ijazah Dalam Negara (PIDN),No description available,No author available,No date available,No categories available,https://www.biasiswamalaysia.com/wp-content/uploads/2020/05/BIASISWA-pidn2.png
Biasiswa Yayasan Sime Darby Excellence Scholarship,No description available,No author available,No date available,No categories available,https://www.biasiswamalaysia.com/wp-content/uploads/2020/03/SIMEDARBY-SCHOLARSHIP.jpg
No title available,No description available,No author available,No date available,No categories available,No image available
Biasiswa Gamuda Scholarship 2023,No description available,No author available,No date available,No categories available,https://www.biasiswamalaysia.com/wp-content/uploads/2021/04/gamuda-scholarship.png
Biasiswa YTL Foundation Scholarship Programme,No description available,No author available,No date available,No categories available,https://www.biasiswamalaysia.com/wp-content/uploads/2020/02/YTL-scholarships-2020.png
Biasiswa British Council GREAT Scholarships 2023,No description available,No author available,No date available,No categories available,https://www.biasiswamalaysia.com/wp-content/uploads/2019/12/study-uk.jpg
No title available,No description available,No author available,No date available,No categories available,No image available
Biasiswa Diploma in Nursing Scholarship,No description available,No author available,No date available,No categories available,https://www.biasiswamalaysia.com/wp-content/uploads/2021/06/Nursing-Scholarship-1.jpg
Biasiswa Persekutuan Ijazah Sarjana Muda Pendidikan (ISMP) Ambilan Sesi 2023,No description available,No author available,No date available,No categories available,https://www.biasiswamalaysia.com/wp-content/uploads/2020/03/biasiswa-ismp.jpg
No title available,No description available,No author available,No date available,No categories available,No image available
Biasiswa ASEAN Scholarship for Malaysia,No description available,No author available,No date available,No categories available,https://scholarships.index.my/wp-content/uploads/2020/03/asean-scholarship.jpg
Biasiswa PIDM Undergraduate,No description available,No author available,No date available,No categories available,https://www.biasiswamalaysia.com/wp-content/uploads/2020/03/PIDMSCHOLARSHIPS.png
No title available,No description available,No author available,No date available,No categories available,No image available
UNIRAZAK Scholarships Programme,No description available,No author available,No date available,No categories available,https://www.biasiswamalaysia.com/wp-content/uploads/2021/06/unirazak-scholarships.jpg
Biasiswa Sunway Scholarships,No description available,No author available,No date available,No categories available,https://www.biasiswamalaysia.com/wp-content/uploads/2023/03/sunway-scholar.png
Biasiswa Tunku Abdul Rahman (BTAR) 2023,No description available,No author available,No date available,No categories available,https://www.biasiswamalaysia.com/wp-content/uploads/2020/02/Tunku_Abdul_Rahman_Foundation-1.jpg
No title available,No description available,No author available,No date available,No categories available,No image available
APU Malaysian Scholarships & Merit Awards,No description available,No author available,No date available,No categories available,https://www.biasiswamalaysia.com/wp-content/uploads/2021/06/merit-scholarships.jpg
Biasiswa Japanese Government (Monbukagakusho: MEXT) Scholarship for Teacher-Training,No description available,No author available,No date available,No categories available,https://www.biasiswamalaysia.com/wp-content/uploads/2020/01/biasiswa-mext.png
No title available,No description available,No author available,No date available,No categories available,No image available
Biasiswa Maybank Group Scholarship Programme,No description available,No author available,No date available,No categories available,https://www.biasiswamalaysia.com/wp-content/uploads/2022/03/mbf-scholar2021-724x1024-1.png
Biasiswa Ibnu Haitham | Bantuan Kewangan Yayasan Universiti Multimedia,No description available,No author available,No date available,No categories available,https://www.biasiswamalaysia.com/wp-content/uploads/2021/06/yayasan-mmu-head.jpg
No title available,No description available,No author available,No date available,No categories available,No image available
Biasiswa Asean – Maybank,No description available,No author available,No date available,No categories available,https://www.biasiswamalaysia.com/wp-content/uploads/2023/02/photo1676276421-724x1024.jpeg
Biasiswa Kuok Foundation Berhad,No description available,No author available,No date available,No categories available,https://www.biasiswamalaysia.com/wp-content/uploads/2019/12/kuok-foundation.jpg
Biasiswa Yang Di-Pertuan Agong (BYDPA) 2023,No description available,No author available,No date available,No categories available,https://www.biasiswamalaysia.com/wp-content/uploads/2019/12/biasiswa-Agong.jpg
No title available,No description available,No author available,No date available,No categories available,No image available
Yayasan Peneraju Sponsorship 2023,No description available,No author available,No date available,No categories available,https://www.biasiswamalaysia.com/wp-content/uploads/2021/06/yayasan-peneraju.jpg
Biasiswa Turkiye Scholarships 2023,No description available,No author available,No date available,No categories available,https://www.biasiswamalaysia.com/wp-content/uploads/2023/01/tb5-230108103417935.jpg
No title available,No description available,No author available,No date available,No categories available,No image available
UPDATED! 2023/2024 | Senarai Tawaran Biasiswa Lepasan SPM/STPM/Diploma/Ijazah,No description available,No author available,No date available,No categories available,https://www.biasiswamalaysia.com/wp-content/uploads/2021/06/biasiswa-malaysia.jpg
Biasiswa JPA |  Program Dermasiswa B40,No description available,No author available,No date available,No categories available,https://www.biasiswamalaysia.com/wp-content/uploads/2020/02/jpa-dermasiswa.png
No title available,No description available,No author available,No date available,No categories available,No image available
Dermasiswa Yayasan Perak Dalam Dan Luar Negara,No description available,No author available,No date available,No categories available,https://www.biasiswamalaysia.com/wp-content/uploads/2021/07/dermasiswa-yayasan-perak.jpg
Biasiswa Kerajaan Hungary – Stipendium Hungaricum Scholarship Programme,No description available,No author available,No date available,No categories available,https://www.biasiswamalaysia.com/wp-content/uploads/2019/12/STUDYINHUNGARY.jpg
Biasiswa Nexus Scholarship,No description available,No author available,No date available,No categories available,https://www.biasiswamalaysia.com/wp-content/uploads/2023/01/Content-Banner-IB-Scholarships-23.jpg
No title available,No description available,No author available,No date available,No categories available,No image available
Biasiswa YH2 Capital Scholarship,No description available,No author available,No date available,No categories available,https://www.biasiswamalaysia.com/wp-content/uploads/2019/12/yh2.jpg
Biasiswa JPA (Program Penajaan Nasional),No description available,No author available,No date available,No categories available,https://www.biasiswamalaysia.com/wp-content/uploads/2020/03/biasiswa-jpa.jpg
No title available,No description available,No author available,No date available,No categories available,No image available
Biasiswa JPA – Program Khas Lepasan SPM Dalam Negara (LSPM),No description available,No author available,No date available,No categories available,https://www.biasiswamalaysia.com/wp-content/uploads/2021/06/jpa-lsdn.jpg
Biasiswa Senheng Education Assistance (SEA) Program,No description available,No author available,No date available,No categories available,https://www.biasiswamalaysia.com/wp-content/uploads/2022/07/SENHENG-1024x503.png
No title available,No description available,No author available,No date available,No categories available,No image available
Biasiswa Behn Meyer AgriCare Education Fund Scholarship,No description available,No author available,No date available,No categories available,https://www.biasiswamalaysia.com/wp-content/uploads/2022/10/behnmeyer.png
