Title,Description
Biasiswa Pelajaran Baitulmal 2023,No description available
Biasiswa MyBrainSc – Kementerian Pengajian Tinggi (KPT),No description available
No title available,No description available
Biasiswa Zamalah Pendidikan MAIK,No description available
Biasiswa Yayasan Bank Rakyat | Pembiayaan Pendidikan Boleh Ubah (PPBU),No description available
No title available,No description available
Biasiswa JPA – Program Ijazah Dalam Negara (PIDN),No description available
Biasiswa Yayasan Sime Darby Excellence Scholarship,No description available
No title available,No description available
Biasiswa Gamuda Scholarship 2023,No description available
Biasiswa YTL Foundation Scholarship Programme,No description available
Biasiswa British Council GREAT Scholarships 2023,No description available
No title available,No description available
Biasiswa Diploma in Nursing Scholarship,No description available
Biasiswa Persekutuan Ijazah Sarjana Muda Pendidikan (ISMP) Ambilan Sesi 2023,No description available
No title available,No description available
Biasiswa ASEAN Scholarship for Malaysia,No description available
Biasiswa PIDM Undergraduate,No description available
No title available,No description available
UNIRAZAK Scholarships Programme,No description available
Biasiswa Sunway Scholarships,No description available
Biasiswa Tunku Abdul Rahman (BTAR) 2023,No description available
No title available,No description available
APU Malaysian Scholarships & Merit Awards,No description available
Biasiswa Japanese Government (Monbukagakusho: MEXT) Scholarship for Teacher-Training,No description available
No title available,No description available
Biasiswa Maybank Group Scholarship Programme,No description available
Biasiswa Ibnu Haitham | Bantuan Kewangan Yayasan Universiti Multimedia,No description available
No title available,No description available
Biasiswa Asean – Maybank,No description available
Biasiswa Kuok Foundation Berhad,No description available
Biasiswa Yang Di-Pertuan Agong (BYDPA) 2023,No description available
No title available,No description available
Yayasan Peneraju Sponsorship 2023,No description available
Biasiswa Turkiye Scholarships 2023,No description available
No title available,No description available
UPDATED! 2023/2024 | Senarai Tawaran Biasiswa Lepasan SPM/STPM/Diploma/Ijazah,No description available
Biasiswa JPA |  Program Dermasiswa B40,No description available
No title available,No description available
Dermasiswa Yayasan Perak Dalam Dan Luar Negara,No description available
Biasiswa Kerajaan Hungary – Stipendium Hungaricum Scholarship Programme,No description available
Biasiswa Nexus Scholarship,No description available
No title available,No description available
Biasiswa YH2 Capital Scholarship,No description available
Biasiswa JPA (Program Penajaan Nasional),No description available
No title available,No description available
Biasiswa JPA – Program Khas Lepasan SPM Dalam Negara (LSPM),No description available
Biasiswa Senheng Education Assistance (SEA) Program,No description available
No title available,No description available
Biasiswa Behn Meyer AgriCare Education Fund Scholarship,No description available
Biasiswa Yayasan TM – Future Leaders Scholarship,No description available
Biasiswa Yayasan DayaDiri Scholarships – Biasiswa Institusi Pengajian Tinggi Awam,No description available
No title available,No description available
MRC Scholarship Awards for Undergraduate Studies,No description available
Biasiswa Yayasan Bursa Malaysia,No description available
No title available,No description available
Biasiswa Maxis Scholarship,No description available
Biasiswa Yayasan KLK Scholarship,No description available
No title available,No description available
Program Khas JPA-MARA (PKJM) Lepasan SPM,No description available
Biasiswa JPA – JKPJ,No description available
Semakan YTP MARA – Program Pembangunan Bakat Muda (YTP),No description available
No title available,No description available
Program Khas Ijazah Luar Negara (PKILN),No description available
Biasiswa JPA – Program Pelajar Cemerlang (PPC),No description available
No title available,No description available
Biasiswa Yayasan Sarawak,No description available
Biasiswa OSK Foundation Scholarship Awards – OSK Group,No description available
No title available,No description available
Semakan Online Keputusan Permohonan Biasiswa JPA (Semakan Panggilan Temuduga),No description available
Biasiswa Penuh Tajaan FELDA / FGV Lepasan SPM,No description available
Biasiswa Khazanah Global Scholarship,No description available
No title available,No description available
Biasiswa Yayasan Sime Darby (Pre-University),No description available
Biasiswa Khazanah Watan Scholarship,No description available
No title available,No description available
Biasiswa The Star Education Fund Scholarship Awards,No description available
Biasiswa YTI Premier Scholarship Award,No description available
No title available,No description available
Biasiswa Cagamas Scholarship Programme,No description available
Biasiswa Untuk Lepasan SPM/STPM/Diploma Tajaan MAIWP,No description available
Biasiswa TNB PRIME Scholarship,No description available
No title available,No description available
Biasiswa Yayasan Tan Sri Lee Shin Cheng IOI Scholarship,No description available
Dermasiswa B40  DRB HICOM UNIVERSITY Full Scholarship,No description available
No title available,No description available
Biasiswa PETRONAS Education Sponsorship Programme (PESP),No description available
Bantuan Pendidikan Yayasan Pahang,No description available
No title available,No description available
Biasiswa Permodalan Nasional Berhad (PNB),No description available
Biasiswa Kerajaan Negeri Sabah,No description available
Biasiswa Bank Negara – Kijang Scholarship,No description available
No title available,No description available
Biasiswa Bank Negara Malaysia Scholarship – Undergraduate,No description available
Biasiswa Yayasan UEM Scholarship Programme,No description available
No title available,No description available
Biasiswa Great Eastern Scholarship,No description available
Biasiswa Hong Leong Foundation Scholarship,No description available
No title available,No description available
Biasiswa YB Menteri Pengajian Tinggi – Atlet Cemerlang IPT,No description available
Biasiswa OCBC Bank,No description available
Biasiswa Penang Future Foundation Scholarship,No description available
No title available,No description available
Biasiswa Kerajaan Malaysia – Malaysian International Scholarship (MIS),No description available
Biasiswa CIMB ASEAN Scholarship,No description available
No title available,No description available
Biasiswa Top Glove Scholarship,No description available
Biasiswa The IJM Scholarship,No description available
No title available,No description available
Biasiswa MBAM Education Fund Scholarship Awards,No description available
Biasiswa Kecil Persekutuan (BKP),No description available
Program Graduan Cemerlang (GrEP) Tajaan MARA,No description available
No title available,No description available
Biasiswa Al-Bukhary International University (AIU),No description available
Tajaan MARA | Program Penajaan Pengajian Tertiari (TESP),No description available
No title available,No description available
Biasiswa Multimedia University | Scholarship & Financial Aid,No description available
Biasiswa Wanita Berdaya Selangor (WBS),No description available
No title available,No description available
Biasiswa Suruhanjaya Perkhidmatan Air Negara (SPAN) Scholarship 2022,No description available
Bantuan Awal Pengajian Dalam dan Luar Negara 2022,No description available
Biasiswa Endowment UiTM 2022,No description available
No title available,No description available
Bantuan Tajaan Lembaga Zakat Negeri Kedah (LZNK),No description available
Biasiswa Kumpulan Wang Pusat Perdagangan Laut (KWPPL) Scholarship,No description available
No title available,No description available
Biasiswa Karangkraf Scholarship,No description available
Biasiswa Japanese Government Scholarship for the Young Leaders’ Program (YLP),No description available
No title available,No description available
Dermasiswa My Brighter Future (MyBF) Yayasan TNB,No description available
Biasiswa Lion-Parkson Foundation Scholarship,No description available
PESTECH CARE Scholarship Program,No description available
No title available,No description available
Biasiswa ISKL IB Scholarship SPM Leavers,No description available
Semakan Kelayakan Permohonan Melanjutkan Pengajian Ke Timur Tengah Sesi 2021/2022,No description available
No title available,No description available
Biasiswa Gadang Scholarship,No description available
Biasiswa JPA | Program Hadiah Latihan Persekutuan,No description available
No title available,No description available
Biasiswa Shell Malaysia 2021,No description available
Biasiswa City U – FMT Scholarship Programme,No description available
Biasiswa Pendidikan Yayasan Pahang Ke Universiti-Universiti Tempatan Tahun 2021,No description available
No title available,No description available
Biasiswa PAM Inovar Scholarship Award,No description available
Biasiswa Panasonic Scholarship,No description available
No title available,No description available
Biasiswa International Univesity Of Malaya-Wales,No description available
Bantuan Saradiri Dan Kecemasan Mahasiswa,No description available
No title available,No description available
Biasiswa Tanpa Had Untuk Pelajar Malaysia di Universiti Islam Madinah,No description available
Program CAT-ACCA Tajaan MAIK,No description available
Biasiswa Kecemerlangan Etiqa Takaful – Yayasan UMP,No description available
No title available,No description available
Google Generation Scholarship 2021/2022,No description available
Pembiayaan Pendidikan Yayasan ANGKASA,No description available
No title available,No description available
Biasiswa Heriot-Watt’s Women in Science and Engineering (WISE) Scholarship,No description available
Dermasiswa Melanjutkan Pelajaran ke Mesir | Jordan | Indonesia,No description available
No title available,No description available
Program Penghantaran Pelajar Cemerlang (PPC) ke Luar Negara – KPM,No description available
Biasiswa Sarawak Energy Scholarship 2021,No description available
Biasiswa Sekolah Menengah Tahun 2021,No description available
No title available,No description available
Biasiswa Kerajaan Jepun (Monbukagakusho: MEXT) for Japanese Studies,No description available
Biasiswa KPJUC Scholarships,No description available
No title available,No description available
Biasiswa Sagong Tasi,No description available
Senarai Program Tajaan Biasiswa Di Bawah KPM,No description available
No title available,No description available
Dermasiswa Pengajian ke IPT Tempatan dan Luar Negara,No description available
Biasiswa Universiti Malaya Student Financial Aid Award,No description available
Biasiswa Queen Elizabeth Commonwealth Scholarship,No description available
No title available,No description available
Bantuan Kewangan Kementerian Pelajaran Malaysia (KPM) – Kluster B40 dan M40,No description available
Biasiswa The Eiffel Excellence Scholarship Program,No description available
No title available,No description available
Biasiswa Yayasan Bank Rakyat,No description available
Biasiswa Keysight Malaysia,No description available
No title available,No description available
Biasiswa Chevening-Khazanah Scholarship,No description available
Biasiswa Yayasan Universiti Malaysia Pahang (UMP),No description available
Biasiswa Bank Pembangunan Islam (ISDB),No description available
No title available,No description available
Biasiswa Kerajaan Brunei,No description available
Biasiswa Lion-Parkson Foundation,No description available
No title available,No description available
Biasiswa Young Leaders Yayasan Telekom Malaysia Scholarship,No description available
Biasiswa Wells Mountain Foundation (WMF),No description available
No title available,No description available
Biasiswa Sekolah Menengah Yayasan Wilayah Persekutuan,No description available
Biasiswa Ajinomoto Postgraduate Scholarship,No description available
Biasiswa DRB-HICOM Degree Scholarship,No description available
No title available,No description available
Biasiswa MNRB Scholarship Fund,No description available
Biasiswa MMMC Scholarships & Bursary,No description available
No title available,No description available
Biasiswa Yayasan UTP Education Grant,No description available
Biasiswa Pelajar Sekolah – Scholarships Offered by International Schools in Malaysia,No description available
No title available,No description available
Biasiswa Yayasan UTP Scholarship (Undergraduate),No description available
Biasiswa Commonwealth Scholarship Commission (CSC),No description available
Biasiswa Tan Sri Yeoh Tiong Lay Global Scholarship Programme,No description available
No title available,No description available
Biasiswa University of Reading Scholarship for International Students,No description available
Biasiswa IUKL Scholarship,No description available
No title available,No description available
Biasiswa Monash University Malaysia High Achiever Award,No description available
Biasiswa University of Nottingham High Achievers Scholarship,No description available
No title available,No description available
Biasiswa University of Queensland Malaysia Global Leaders Scholarship,No description available
